12934_vulgare_mapreads.bam	vulgare
12938_vulgare_mapreads.bam	vulgare
12944_vulgare_mapreads.bam	vulgare
12948_vulgare_mapreads.bam	vulgare
12951_vulgare_mapreads.bam	vulgare
13048_vulgare_mapreads.bam	vulgare
13049_vulgare_mapreads.bam	vulgare
13050_fauriei_mapreads.bam	fauriei
13051_fauriei_mapreads.bam	fauriei
13065_vulgare_mapreads.bam	vulgare
13066_vulgare_mapreads.bam	vulgare
13067_vulgare_mapreads.bam	vulgare
13273_vulgare_mapreads.bam	vulgare
13274_fauriei_mapreads.bam	fauriei
13275_fauriei_mapreads.bam	fauriei
13664_vulgare_mapreads.bam	vulgare
13784_pellucidum_mapreads.bam	pellucidum
13796_vulgare_mapreads.bam	vulgare
13797_glycyrrhiza_mapreads.bam	glyrrhiza
3474_interjectum_mapreads.bam	interjectum
6954_glycyrrhiza_mapreads.bam	glyrrhiza
7215_sibiricum_mapreads.bam	sibiricum
7684_interjectum_mapreads.bam	interjectum
7767_glycyrrhiza_mapreads.bam	glyrrhiza
7781_glycyrrhiza_mapreads.bam	glyrrhiza
7950_vulgare_mapreads.bam	vulgare
7952_vulgare_mapreads.bam	vulgare
7953_vulgare_mapreads.bam	vulgare
7954_vulgare_mapreads.bam	vulgare
7955_vulgare_mapreads.bam	vulgare
7956_vulgare_mapreads.bam	vulgare
7957_vulgare_mapreads.bam	vulgare
7985_interjectum_mapreads.bam	interjectum
7985_vulgare_mapreads.bam	vulgare
8008_sibiricum_mapreads.bam	sibiricum
8009_glycyrrhiza_mapreads.bam	glyrrhiza
8010_sibiricum_mapreads.bam	sibiricum
8011_sibiricum_mapreads.bam	sibiricum
8769_vulgare_mapreads.bam	vulgare
8786_cambricum_mapreads.bam	cambricum
8788_interjectum_mapreads.bam	interjectum
9665_interjectum_mapreads.bam	interjectum
9667_vulgare_mapreads.bam	vulgare
9668_vulgare_mapreads.bam	vulgare
9669_vulgare_mapreads.bam	vulgare
9670_vulgare_mapreads.bam	vulgare
9671_vulgare_mapreads.bam	vulgare
C011708_vulgare_mapreads.bam	vulgare
C011709_vulgare_mapreads.bam	vulgare
C011710_vulgare_mapreads.bam	vulgare
C011711_vulgare_mapreads.bam	vulgare
C011712_vulgare_mapreads.bam	vulgare
C011715_vulgare_mapreads.bam	vulgare
C011797_vulgare_mapreads.bam	vulgare
C011798_vulgare_mapreads.bam	vulgare
C0117991_vulgare_mapreads.bam	vulgare
C011801_vulgare_mapreads.bam	vulgare
ESS005_fauriei_mapreads.bam	fauriei
ESS008_fauriei_mapreads.bam	fauriei
H1047829_glycyrrhiza_mapreads.bam	glyrrhiza
H1106362_glycyrrhiza_mapreads.bam	glyrrhiza
H1181479_glycyrrhiza_mapreads.bam	glyrrhiza
H1181500_glycyrrhiza_mapreads.bam	glyrrhiza
NHA552289_vulgare_mapreads.bam	vulgare
NHA662526_vulgare_mapreads.bam	vulgare
NHA662555_cambricum_mapreads.bam	cambricum
NHA662556_cambricum_mapreads.bam	cambricum
NHA662615_sibiricum_mapreads.bam	sibiricum
PRE_vulgare_mapreads.bam	vulgare
Pussina1_vulgare_mapreads.bam	vulgare
Pussina2_vulgare_mapreads.bam	vulgare
SAL12_vulgare_mapreads.bam	vulgare
SAL13_vulgare_mapreads.bam	vulgare
SAL14_vulgare_mapreads.bam	vulgare
SAL1_vulgare_mapreads.bam	vulgare
SAL2_vulgare_mapreads.bam	vulgare
SAL31_vulgare_mapreads.bam	vulgare
SAL32_vulgare_mapreads.bam	vulgare
SAL33_vulgare_mapreads.bam	vulgare
SAL34_vulgare_mapreads.bam	vulgare
Viidu11_vulgare_mapreads.bam	vulgare
Viidu12_vulgare_mapreads.bam	vulgare
Viidu21_vulgare_mapreads.bam	vulgare
Viidu22_vulgare_mapreads.bam	vulgare
WA05_californicum_mapreads.bam	californicum
WA06_vulgare_mapreads.bam	vulgare
WA07_glycyrrhiza_mapreads.bam	glyrrhiza
WA08_appalachianum_mapreads.bam	chianum
WA09_glycyrrhiza_mapreads.bam	glyrrhiza
WA10_vulgare_mapreads.bam	vulgare
WB05_glycyrrhiza_mapreads.bam	glyrrhiza
WB06_vulgare_mapreads.bam	vulgare
WB07_glycyrrhiza_mapreads.bam	glyrrhiza
WB08_appalachianum_mapreads.bam	chianum
WB09_californicum_mapreads.bam	californicum
WC06_glycyrrhiza_mapreads.bam	glyrrhiza
WC08_cambricum_mapreads.bam	cambricum
WD04_sibiricum_mapreads.bam	sibiricum
WD06b_Pleurosoriopsism_mapreads.bam	Pleurosoriopsism
WD08_macaronesicum_mapreads.bam	macaronesicum
WD09_fauriei_mapreads.bam	fauriei
WE01_californicum_mapreads.bam	californicum
WE06_glycyrrhiza_mapreads.bam	glyrrhiza
WE07_sibiricum_mapreads.bam	sibiricum
WE08_scouleri_mapreads.bam	scouleri
WF04_californicum_mapreads.bam	californicum
WF06b_californicum_mapreads.bam	californicum
WF07_sibiricum_mapreads.bam	sibiricum
WF08_scouleri_mapreads.bam	scouleri
WF09_californicum_mapreads.bam	californicum
WG04_californicum_mapreads.bam	californicum
WG05_scouleri_mapreads.bam	scouleri
WG07_amorphum_mapreads.bam	amorphum
WG08_pellucidum_mapreads.bam	pellucidum
WG09_californicum_mapreads.bam	californicum
WH04_californicum_mapreads.bam	californicum
WH05_sibiricum_mapreads.bam	sibiricum
WH07_amorphum_mapreads.bam	amorphum
WH08b_californicum_mapreads.bam	californicum
WH08_glycyrrhiza_mapreads.bam	glyrrhiza
